Predicted_5,True_5
53.107307,37.35516989683651
53.107307,37.35516989683651
53.107307,37.35516989683651
53.107307,37.35516989683651
47.49773,37.35516989683651
44.38849,37.35516989683651
42.81691,37.35516989683651
41.99659,37.35516989683651
41.543022,37.35516989683651
41.269394,37.35516989683651
41.07971,37.35516989683651
40.925526,37.35516989683651
40.784904,37.35516989683651
40.650047,37.35516989683651
40.650047,37.35516989683651
40.650047,37.35516989683651
40.650047,37.35516989683651
40.650047,37.35516989683651
40.650047,37.35516989683651
40.650047,37.35516989683651
40.650047,37.35516989683651
40.650047,37.35516989683651
40.650047,37.35516989683651
40.650047,37.35516989683651
40.650047,37.35516989683651
40.650047,37.35516989683651
40.650047,37.35516989683651
40.650047,37.35516989683651
40.650047,37.35516989683651
40.650047,37.35516989683651
40.650047,37.35516989683651
40.650047,37.35516989683651
40.650047,37.35516989683651
40.650047,37.35516989683651
40.650047,37.35516989683651
40.650047,53.98422559317198
40.650047,53.98422559317198
40.650047,53.98422559317198
40.650047,53.98422559317198
40.650047,53.98422559317198
44.18088,53.98422559317198
47.95763,53.98422559317198
51.075848,53.98422559317198
52.96473,53.98422559317198
53.75434,53.98422559317198
53.96008,53.98422559317198
53.97387,53.98422559317198
53.9662,53.98422559317198
53.97982,53.98422559317198
54.011665,53.98422559317198
54.011665,53.98422559317198
54.011665,53.98422559317198
54.011665,53.98422559317198
54.011665,53.98422559317198
54.011665,53.98422559317198
54.011665,53.98422559317198
54.011665,53.98422559317198
54.011665,53.98422559317198
54.011665,53.98422559317198
54.011665,53.98422559317198
54.011665,53.98422559317198
54.011665,53.98422559317198
54.011665,53.98422559317198
54.011665,53.98422559317198
54.011665,53.98422559317198
54.011665,53.98422559317198
54.011665,53.98422559317198
54.011665,53.98422559317198
54.011665,53.98422559317198
54.011665,53.98422559317198
54.011665,53.98422559317198
54.011665,53.98422559317198
54.011665,53.98422559317198
54.011665,53.98422559317198
54.011665,53.98422559317198
54.011665,53.98422559317198
54.011665,53.98422559317198
54.011665,53.98422559317198
54.011665,53.98422559317198
54.011665,53.98422559317198
54.011665,53.98422559317198
54.011665,53.98422559317198
54.011665,53.98422559317198
54.011665,53.98422559317198
54.011665,53.98422559317198
54.011665,53.98422559317198
54.011665,53.98422559317198
54.011665,53.98422559317198
54.011665,59.85330407423156
54.011665,59.85330407423156
54.011665,59.85330407423156
54.011665,59.85330407423156
54.011665,59.85330407423156
56.27115,59.85330407423156
57.85981,59.85330407423156
58.73473,59.85330407423156
59.095573,59.85330407423156
59.17467,59.85330407423156
59.140858,59.85330407423156
59.086014,59.85330407423156
59.046425,59.85330407423156
59.028305,59.85330407423156
59.025986,59.85330407423156
59.025986,59.85330407423156
59.025986,59.85330407423156
59.025986,59.85330407423156
59.025986,59.85330407423156
59.025986,59.85330407423156
59.025986,59.85330407423156
59.025986,59.85330407423156
59.025986,59.85330407423156
59.025986,59.85330407423156
59.025986,59.85330407423156
59.025986,59.85330407423156
59.025986,59.85330407423156
59.025986,59.85330407423156
59.025986,59.85330407423156
59.025986,59.85330407423156
59.025986,59.85330407423156
59.025986,59.85330407423156
59.025986,59.85330407423156
59.025986,59.85330407423156
59.025986,59.85330407423156
59.025986,59.85330407423156
59.025986,59.85330407423156
59.025986,59.85330407423156
59.025986,59.85330407423156
59.025986,59.85330407423156
59.025986,59.85330407423156
59.025986,59.85330407423156
59.025986,59.85330407423156
59.025986,59.85330407423156
59.025986,59.85330407423156
59.025986,59.85330407423156
59.025986,59.85330407423156
59.025986,59.85330407423156
59.025986,59.85330407423156
59.025986,59.85330407423156
59.025986,59.85330407423156
59.025986,59.85330407423156
59.025986,59.85330407423156
59.025986,59.85330407423156
59.025986,59.85330407423156
59.025986,59.85330407423156
59.025986,59.85330407423156
59.025986,59.85330407423156
59.025986,59.85330407423156
59.025986,54.962405340015245
59.025986,54.962405340015245
59.025986,54.962405340015245
59.025986,54.962405340015245
59.025986,54.962405340015245
57.219673,54.962405340015245
56.003777,54.962405340015245
55.32264,54.962405340015245
55.002308,54.962405340015245
54.88735,54.962405340015245
54.86858,54.962405340015245
54.881523,54.962405340015245
54.895123,54.962405340015245
54.899147,54.962405340015245
54.893894,54.962405340015245
54.893894,54.962405340015245
54.893894,54.962405340015245
54.893894,54.962405340015245
54.893894,54.962405340015245
54.893894,54.962405340015245
54.893894,54.962405340015245
54.893894,54.962405340015245
54.893894,54.962405340015245
54.893894,54.962405340015245
54.893894,54.962405340015245
54.893894,54.962405340015245
54.893894,54.962405340015245
54.893894,54.962405340015245
54.893894,54.962405340015245
54.893894,54.962405340015245
54.893894,54.962405340015245
54.893894,54.962405340015245
54.893894,54.962405340015245
54.893894,54.962405340015245
54.893894,54.962405340015245
54.893894,54.962405340015245
54.893894,54.962405340015245
54.893894,54.962405340015245
54.893894,54.962405340015245
54.893894,54.962405340015245
54.893894,54.962405340015245
54.893894,54.962405340015245
54.893894,54.962405340015245
54.893894,54.962405340015245
54.893894,54.962405340015245
54.893894,54.962405340015245
54.893894,54.962405340015245
54.893894,54.962405340015245
54.893894,54.962405340015245
54.893894,54.962405340015245
54.893894,54.962405340015245
54.893894,54.962405340015245
54.893894,54.962405340015245
54.893894,54.962405340015245
54.893894,56.918764833701765
54.893894,56.918764833701765
54.893894,56.918764833701765
54.893894,56.918764833701765
54.893894,56.918764833701765
55.64,56.918764833701765
56.15903,56.918764833701765
56.45123,56.918764833701765
56.58167,56.918764833701765
56.620857,56.918764833701765
56.620205,56.918764833701765
56.608932,56.918764833701765
56.599773,56.918764833701765
56.595974,56.918764833701765
56.596577,56.918764833701765
56.596577,56.918764833701765
56.596577,56.918764833701765
56.596577,56.918764833701765
56.596577,56.918764833701765
56.596577,56.918764833701765
56.596577,56.918764833701765
56.596577,56.918764833701765
56.596577,56.918764833701765
56.596577,56.918764833701765
56.596577,56.918764833701765
56.596577,56.918764833701765
56.596577,56.918764833701765
56.596577,56.918764833701765
56.596577,56.918764833701765
56.596577,56.918764833701765
56.596577,56.918764833701765
56.596577,56.918764833701765
56.596577,56.918764833701765
56.596577,56.918764833701765
56.596577,56.918764833701765
56.596577,56.918764833701765
56.596577,56.918764833701765
56.596577,56.918764833701765
56.596577,56.918764833701765
56.596577,56.918764833701765
56.596577,56.918764833701765
56.596577,56.918764833701765
56.596577,56.918764833701765
56.596577,56.918764833701765
56.596577,56.918764833701765
56.596577,56.918764833701765
56.596577,56.918764833701765
56.596577,56.918764833701765
56.596577,56.918764833701765
56.596577,56.918764833701765
56.596577,56.918764833701765
56.596577,56.918764833701765
56.596577,56.918764833701765
56.596577,56.918764833701765
56.596577,56.918764833701765
56.596577,56.918764833701765
56.596577,58.87512432738829
56.596577,58.87512432738829
56.596577,58.87512432738829
56.596577,58.87512432738829
56.596577,58.87512432738829
57.333435,58.87512432738829
57.84131,58.87512432738829
58.120842,58.87512432738829
58.239857,58.87512432738829
58.270096,58.87512432738829
58.2631,58.87512432738829
58.247665,58.87512432738829
58.235928,58.87512432738829
58.23056,58.87512432738829
58.23014,58.87512432738829
58.23014,58.87512432738829
58.23014,58.87512432738829
58.23014,58.87512432738829
58.23014,58.87512432738829
58.23014,58.87512432738829
58.23014,58.87512432738829
58.23014,58.87512432738829
58.23014,58.87512432738829
58.23014,58.87512432738829
58.23014,58.87512432738829
58.23014,58.87512432738829
58.23014,58.87512432738829
58.23014,58.87512432738829
58.23014,58.87512432738829
58.23014,58.87512432738829
58.23014,58.87512432738829
58.23014,58.87512432738829
58.23014,58.87512432738829
58.23014,58.87512432738829
58.23014,58.87512432738829
58.23014,58.87512432738829
58.23014,58.87512432738829
58.23014,58.87512432738829
58.23014,58.87512432738829
58.23014,58.87512432738829
58.23014,58.87512432738829
58.23014,58.87512432738829
58.23014,58.87512432738829
58.23014,58.87512432738829
58.23014,58.87512432738829
58.23014,58.87512432738829
58.23014,58.87512432738829
58.23014,58.87512432738829
58.23014,58.87512432738829
58.23014,58.87512432738829
58.23014,58.87512432738829
58.23014,58.87512432738829
58.23014,58.87512432738829
58.23014,58.87512432738829
58.23014,58.87512432738829
58.23014,58.87512432738829
58.23014,58.87512432738829
58.23014,58.87512432738829
58.23014,61.809663567918086
58.23014,61.809663567918086
58.23014,61.809663567918086
58.23014,61.809663567918086
58.23014,61.809663567918086
59.32195,61.809663567918086
60.07204,61.809663567918086
60.475063,61.809663567918086
60.63638,61.809663567918086
60.667145,61.809663567918086
60.64627,61.809663567918086
60.616722,61.809663567918086
60.595623,61.809663567918086
60.585747,61.809663567918086
60.584007,61.809663567918086
60.584007,61.809663567918086
60.584007,61.809663567918086
60.584007,61.809663567918086
60.584007,61.809663567918086
60.584007,61.809663567918086
60.584007,61.809663567918086
60.584007,61.809663567918086
60.584007,61.809663567918086
60.584007,61.809663567918086
60.584007,61.809663567918086
60.584007,61.809663567918086
60.584007,61.809663567918086
60.584007,61.809663567918086
60.584007,61.809663567918086
60.584007,61.809663567918086
60.584007,61.809663567918086
60.584007,61.809663567918086
60.584007,61.809663567918086
60.584007,61.809663567918086
60.584007,61.809663567918086
60.584007,61.809663567918086
60.584007,61.809663567918086
60.584007,61.809663567918086
60.584007,61.809663567918086
60.584007,61.809663567918086
60.584007,61.809663567918086
60.584007,61.809663567918086
60.584007,61.809663567918086
60.584007,61.809663567918086
60.584007,61.809663567918086
60.584007,61.809663567918086
60.584007,61.809663567918086
60.584007,61.809663567918086
60.584007,61.809663567918086
60.584007,61.809663567918086
60.584007,61.809663567918086
60.584007,61.809663567918086
60.584007,61.809663567918086
60.584007,61.809663567918086
60.584007,61.809663567918086
60.584007,61.809663567918086
60.584007,61.809663567918086
60.584007,61.809663567918086
60.584007,61.809663567918086
60.584007,61.809663567918086
60.584007,61.809663567918086
60.584007,60.83148382107482
60.584007,60.83148382107482
60.584007,60.83148382107482
60.584007,60.83148382107482
60.584007,60.83148382107482
60.226112,60.83148382107482
59.98269,60.83148382107482
59.85213,60.83148382107482
59.798363,60.83148382107482
59.786316,60.83148382107482
59.791454,60.83148382107482
59.800133,60.83148382107482
59.806595,60.83148382107482
59.809658,60.83148382107482
59.81014,60.83148382107482
59.81014,60.83148382107482
59.81014,60.83148382107482
59.81014,60.83148382107482
59.81014,60.83148382107482
59.81014,60.83148382107482
59.81014,60.83148382107482
59.81014,60.83148382107482
59.81014,60.83148382107482
59.81014,60.83148382107482
59.81014,60.83148382107482
59.81014,60.83148382107482
59.81014,60.83148382107482
59.81014,60.83148382107482
59.81014,60.83148382107482
59.81014,60.83148382107482
59.81014,60.83148382107482
59.81014,60.83148382107482
59.81014,60.83148382107482
59.81014,60.83148382107482
59.81014,60.83148382107482
59.81014,60.83148382107482
59.81014,60.83148382107482
59.81014,60.83148382107482
59.81014,60.83148382107482
59.81014,60.83148382107482
59.81014,60.83148382107482
59.81014,60.83148382107482
59.81014,60.83148382107482
59.81014,60.83148382107482
59.81014,60.83148382107482
59.81014,60.83148382107482
59.81014,60.83148382107482
59.81014,60.83148382107482
59.81014,60.83148382107482
59.81014,60.83148382107482
59.81014,60.83148382107482
59.81014,60.83148382107482
59.81014,60.83148382107482
59.81014,60.83148382107482
59.81014,60.83148382107482
59.81014,60.83148382107482
59.81014,60.83148382107482
59.81014,60.83148382107482
59.81014,60.83148382107482
59.81014,60.83148382107482
59.81014,64.74420280844787
59.81014,64.74420280844787
59.81014,64.74420280844787
59.81014,64.74420280844787
59.81014,64.74420280844787
61.247536,64.74420280844787
62.235233,64.74420280844787
62.75639,64.74420280844787
62.954918,64.74420280844787
62.982433,64.74420280844787
62.945606,64.74420280844787
62.901344,64.74420280844787
62.871162,64.74420280844787
62.85737,64.74420280844787
62.854755,64.74420280844787
62.854755,64.74420280844787
62.854755,64.74420280844787
62.854755,64.74420280844787
62.854755,64.74420280844787
62.854755,64.74420280844787
62.854755,64.74420280844787
62.854755,64.74420280844787
62.854755,64.74420280844787
62.854755,64.74420280844787
62.854755,64.74420280844787
62.854755,64.74420280844787
62.854755,64.74420280844787
62.854755,64.74420280844787
62.854755,64.74420280844787
62.854755,64.74420280844787
62.854755,64.74420280844787
62.854755,64.74420280844787
62.854755,64.74420280844787
62.854755,64.74420280844787
62.854755,64.74420280844787
62.854755,64.74420280844787
62.854755,64.74420280844787
62.854755,64.74420280844787
62.854755,64.74420280844787
62.854755,64.74420280844787
62.854755,64.74420280844787
62.854755,64.74420280844787
62.854755,64.74420280844787
62.854755,64.74420280844787
62.854755,64.74420280844787
62.854755,64.74420280844787
62.854755,64.74420280844787
62.854755,64.74420280844787
62.854755,64.74420280844787
62.854755,64.74420280844787
62.854755,64.74420280844787
62.854755,64.74420280844787
62.854755,64.74420280844787
62.854755,64.74420280844787
62.854755,64.74420280844787
62.854755,64.74420280844787
62.854755,64.74420280844787
62.854755,64.74420280844787
62.854755,64.74420280844787
62.854755,64.74420280844787
62.854755,64.74420280844787
62.854755,64.74420280844787
62.854755,64.74420280844787
62.854755,64.74420280844787
62.854755,53.98422559317198
62.854755,53.98422559317198
62.854755,53.98422559317198
62.854755,53.98422559317198
62.854755,53.98422559317198
58.971703,53.98422559317198
56.406364,53.98422559317198
54.993473,53.98422559317198
54.316017,53.98422559317198
54.054104,53.98422559317198
53.99347,53.98422559317198
54.005737,53.98422559317198
54.025444,53.98422559317198
54.02808,53.98422559317198
54.011665,53.98422559317198
54.011665,53.98422559317198
54.011665,53.98422559317198
54.011665,53.98422559317198
54.011665,53.98422559317198
54.011665,53.98422559317198
54.011665,53.98422559317198
54.011665,53.98422559317198
54.011665,53.98422559317198
54.011665,53.98422559317198
54.011665,53.98422559317198
54.011665,53.98422559317198
54.011665,53.98422559317198
54.011665,53.98422559317198
54.011665,53.98422559317198
54.011665,53.98422559317198
54.011665,53.98422559317198
54.011665,53.98422559317198
54.011665,53.98422559317198
54.011665,53.98422559317198
54.011665,53.98422559317198
54.011665,53.98422559317198
54.011665,53.98422559317198
54.011665,53.98422559317198
54.011665,53.98422559317198
54.011665,53.98422559317198
54.011665,53.98422559317198
54.011665,53.98422559317198
54.011665,53.98422559317198
54.011665,53.98422559317198
54.011665,53.98422559317198
54.011665,53.98422559317198
54.011665,53.98422559317198
54.011665,53.98422559317198
54.011665,53.98422559317198
54.011665,53.98422559317198
54.011665,53.98422559317198
54.011665,53.98422559317198
54.011665,53.98422559317198
54.011665,73.54782053003724
54.011665,73.54782053003724
54.011665,73.54782053003724
54.011665,73.54782053003724
54.011665,73.54782053003724
61.534496,73.54782053003724
66.78948,73.54782053003724
69.43618,73.54782053003724
70.268715,73.54782053003724
70.20332,73.54782053003724
69.87303,73.54782053003724
69.582054,73.54782053003724
69.41319,73.54782053003724
69.34797,73.54782053003724
69.34235,73.54782053003724
69.34235,73.54782053003724
69.34235,73.54782053003724
69.34235,73.54782053003724
69.34235,73.54782053003724
69.34235,73.54782053003724
69.34235,73.54782053003724
69.34235,73.54782053003724
69.34235,73.54782053003724
69.34235,73.54782053003724
69.34235,73.54782053003724
69.34235,73.54782053003724
69.34235,73.54782053003724
69.34235,73.54782053003724
69.34235,73.54782053003724
69.34235,73.54782053003724
69.34235,73.54782053003724
69.34235,73.54782053003724
69.34235,73.54782053003724
69.34235,73.54782053003724
69.34235,73.54782053003724
69.34235,73.54782053003724
69.34235,73.54782053003724
69.34235,73.54782053003724
69.34235,73.54782053003724
69.34235,73.54782053003724
69.34235,73.54782053003724
69.34235,73.54782053003724
69.34235,73.54782053003724
69.34235,73.54782053003724
69.34235,73.54782053003724
69.34235,73.54782053003724
69.34235,73.54782053003724
69.34235,73.54782053003724
69.34235,73.54782053003724
69.34235,73.54782053003724
69.34235,73.54782053003724
69.34235,73.54782053003724
69.34235,73.54782053003724
69.34235,73.54782053003724
69.34235,73.54782053003724
69.34235,73.54782053003724
69.34235,73.54782053003724
69.34235,73.54782053003724
69.34235,73.54782053003724
69.34235,73.54782053003724
69.34235,73.54782053003724
69.34235,73.54782053003724
69.34235,73.54782053003724
69.34235,73.54782053003724
69.34235,73.54782053003724
69.34235,73.54782053003724
69.34235,73.54782053003724
69.34235,73.54782053003724
69.34235,73.54782053003724
69.34235,73.54782053003724
69.34235,73.54782053003724
69.34235,73.54782053003724
69.34235,73.54782053003724
69.34235,79.41689901109682
69.34235,79.41689901109682
69.34235,79.41689901109682
69.34235,79.41689901109682
69.34235,79.41689901109682
71.2653,79.41689901109682
72.63838,79.41689901109682
73.3375,79.41689901109682
73.58247,79.41689901109682
73.59588,79.41689901109682
73.53224,79.41689901109682
73.47072,79.41689901109682
73.436874,79.41689901109682
73.427734,79.41689901109682
73.43063,79.41689901109682
73.43063,79.41689901109682
73.43063,79.41689901109682
73.43063,79.41689901109682
73.43063,79.41689901109682
73.43063,79.41689901109682
73.43063,79.41689901109682
73.43063,79.41689901109682
73.43063,79.41689901109682
73.43063,79.41689901109682
73.43063,79.41689901109682
73.43063,79.41689901109682
73.43063,79.41689901109682
73.43063,79.41689901109682
73.43063,79.41689901109682
73.43063,79.41689901109682
73.43063,79.41689901109682
73.43063,79.41689901109682
73.43063,79.41689901109682
73.43063,79.41689901109682
73.43063,79.41689901109682
73.43063,79.41689901109682
73.43063,79.41689901109682
73.43063,79.41689901109682
73.43063,79.41689901109682
73.43063,79.41689901109682
73.43063,79.41689901109682
73.43063,79.41689901109682
73.43063,79.41689901109682
73.43063,79.41689901109682
73.43063,79.41689901109682
73.43063,79.41689901109682
73.43063,79.41689901109682
73.43063,79.41689901109682
73.43063,79.41689901109682
73.43063,79.41689901109682
73.43063,79.41689901109682
73.43063,79.41689901109682
73.43063,79.41689901109682
73.43063,79.41689901109682
73.43063,79.41689901109682
73.43063,79.41689901109682
73.43063,79.41689901109682
73.43063,79.41689901109682
73.43063,79.41689901109682
73.43063,79.41689901109682
73.43063,79.41689901109682
73.43063,79.41689901109682
73.43063,79.41689901109682
73.43063,79.41689901109682
73.43063,79.41689901109682
73.43063,79.41689901109682
73.43063,79.41689901109682
73.43063,79.41689901109682
73.43063,79.41689901109682
73.43063,79.41689901109682
73.43063,79.41689901109682
73.43063,79.41689901109682
73.43063,79.41689901109682
73.43063,79.41689901109682
73.43063,79.41689901109682
73.43063,79.41689901109682
73.43063,79.41689901109682
73.43063,79.41689901109682
73.43063,79.41689901109682
73.43063,73.54782053003724
73.43063,73.54782053003724
73.43063,73.54782053003724
73.43063,73.54782053003724
73.43063,73.54782053003724
71.57085,73.54782053003724
70.188675,73.54782053003724
69.479645,73.54782053003724
69.2185,73.54782053003724
69.18743,73.54782053003724
69.239075,73.54782053003724
69.296196,73.54782053003724
69.33083,73.54782053003724
69.342735,73.54782053003724
69.34235,73.54782053003724
69.34235,73.54782053003724
69.34235,73.54782053003724
69.34235,73.54782053003724
69.34235,73.54782053003724
69.34235,73.54782053003724
69.34235,73.54782053003724
69.34235,73.54782053003724
69.34235,73.54782053003724
69.34235,73.54782053003724
69.34235,73.54782053003724
69.34235,73.54782053003724
69.34235,73.54782053003724
69.34235,73.54782053003724
69.34235,73.54782053003724
69.34235,73.54782053003724
69.34235,73.54782053003724
69.34235,73.54782053003724
69.34235,73.54782053003724
69.34235,73.54782053003724
69.34235,73.54782053003724
69.34235,73.54782053003724
69.34235,73.54782053003724
69.34235,73.54782053003724
69.34235,73.54782053003724
69.34235,73.54782053003724
69.34235,73.54782053003724
69.34235,73.54782053003724
69.34235,73.54782053003724
69.34235,73.54782053003724
69.34235,73.54782053003724
69.34235,73.54782053003724
69.34235,73.54782053003724
69.34235,73.54782053003724
69.34235,73.54782053003724
69.34235,73.54782053003724
69.34235,73.54782053003724
69.34235,73.54782053003724
69.34235,73.54782053003724
69.34235,73.54782053003724
69.34235,73.54782053003724
69.34235,73.54782053003724
69.34235,73.54782053003724
69.34235,73.54782053003724
69.34235,73.54782053003724
69.34235,73.54782053003724
69.34235,73.54782053003724
69.34235,73.54782053003724
69.34235,73.54782053003724
69.34235,73.54782053003724
69.34235,73.54782053003724
69.34235,73.54782053003724
69.34235,73.54782053003724
69.34235,73.54782053003724
69.34235,73.54782053003724
69.34235,73.54782053003724
69.34235,73.54782053003724
69.34235,73.54782053003724
69.34235,73.54782053003724
69.34235,52.02786609948545
69.34235,52.02786609948545
69.34235,52.02786609948545
69.34235,52.02786609948545
69.34235,52.02786609948545
61.861984,52.02786609948545
56.93204,52.02786609948545
54.312542,52.02786609948545
53.024143,52.02786609948545
52.4693,52.02786609948545
52.285748,52.02786609948545
52.25514,52.02786609948545
52.25676,52.02786609948545
52.236668,52.02786609948545
52.18176,52.02786609948545
52.18176,52.02786609948545
52.18176,52.02786609948545
52.18176,52.02786609948545
52.18176,52.02786609948545
52.18176,52.02786609948545
52.18176,52.02786609948545
52.18176,52.02786609948545
52.18176,52.02786609948545
52.18176,52.02786609948545
52.18176,52.02786609948545
52.18176,52.02786609948545
52.18176,52.02786609948545
52.18176,52.02786609948545
52.18176,52.02786609948545
52.18176,52.02786609948545
52.18176,52.02786609948545
52.18176,52.02786609948545
52.18176,52.02786609948545
52.18176,52.02786609948545
52.18176,52.02786609948545
52.18176,52.02786609948545
52.18176,52.02786609948545
52.18176,52.02786609948545
52.18176,52.02786609948545
52.18176,52.02786609948545
52.18176,52.02786609948545
52.18176,52.02786609948545
52.18176,52.02786609948545
52.18176,52.02786609948545
52.18176,52.02786609948545
52.18176,52.02786609948545
52.18176,52.02786609948545
52.18176,52.02786609948545
52.18176,52.02786609948545
52.18176,52.02786609948545
52.18176,52.02786609948545
52.18176,56.918764833701765
52.18176,56.918764833701765
52.18176,56.918764833701765
52.18176,56.918764833701765
52.18176,56.918764833701765
54.078873,56.918764833701765
55.438194,56.918764833701765
56.21341,56.918764833701765
56.558464,56.918764833701765
56.660152,56.918764833701765
56.657295,56.918764833701765
56.627804,56.918764833701765
56.604485,56.918764833701765
56.59502,56.918764833701765
56.596577,56.918764833701765
56.596577,56.918764833701765
56.596577,56.918764833701765
56.596577,56.918764833701765
56.596577,56.918764833701765
56.596577,56.918764833701765
56.596577,56.918764833701765
56.596577,56.918764833701765
56.596577,56.918764833701765
56.596577,56.918764833701765
56.596577,56.918764833701765
56.596577,56.918764833701765
56.596577,56.918764833701765
56.596577,56.918764833701765
56.596577,56.918764833701765
56.596577,56.918764833701765
56.596577,56.918764833701765
56.596577,56.918764833701765
56.596577,56.918764833701765
56.596577,56.918764833701765
56.596577,56.918764833701765
56.596577,56.918764833701765
56.596577,56.918764833701765
56.596577,56.918764833701765
56.596577,56.918764833701765
56.596577,56.918764833701765
56.596577,56.918764833701765
56.596577,56.918764833701765
56.596577,56.918764833701765
56.596577,56.918764833701765
56.596577,56.918764833701765
56.596577,56.918764833701765
56.596577,56.918764833701765
56.596577,56.918764833701765
56.596577,56.918764833701765
56.596577,56.918764833701765
56.596577,56.918764833701765
56.596577,56.918764833701765
56.596577,56.918764833701765
56.596577,56.918764833701765
56.596577,56.918764833701765
56.596577,56.918764833701765
56.596577,62.787843314761346
56.596577,62.787843314761346
56.596577,62.787843314761346
56.596577,62.787843314761346
56.596577,62.787843314761346
58.809025,62.787843314761346
60.342407,62.787843314761346
61.164486,62.787843314761346
61.484344,62.787843314761346
61.5352,62.787843314761346
61.48359,62.787843314761346
61.41847,62.787843314761346
61.373463,62.787843314761346
61.35266,62.787843314761346
61.348774,62.787843314761346
61.348774,62.787843314761346
61.348774,62.787843314761346
61.348774,62.787843314761346
61.348774,62.787843314761346
61.348774,62.787843314761346
61.348774,62.787843314761346
61.348774,62.787843314761346
61.348774,62.787843314761346
61.348774,62.787843314761346
61.348774,62.787843314761346
61.348774,62.787843314761346
61.348774,62.787843314761346
61.348774,62.787843314761346
61.348774,62.787843314761346
61.348774,62.787843314761346
61.348774,62.787843314761346
61.348774,62.787843314761346
61.348774,62.787843314761346
61.348774,62.787843314761346
61.348774,62.787843314761346
61.348774,62.787843314761346
61.348774,62.787843314761346
61.348774,62.787843314761346
61.348774,62.787843314761346
61.348774,62.787843314761346
61.348774,62.787843314761346
61.348774,62.787843314761346
61.348774,62.787843314761346
61.348774,62.787843314761346
61.348774,62.787843314761346
61.348774,62.787843314761346
61.348774,62.787843314761346
61.348774,62.787843314761346
61.348774,62.787843314761346
61.348774,62.787843314761346
61.348774,62.787843314761346
61.348774,62.787843314761346
61.348774,62.787843314761346
61.348774,62.787843314761346
61.348774,62.787843314761346
61.348774,62.787843314761346
61.348774,62.787843314761346
61.348774,62.787843314761346
61.348774,62.787843314761346
61.348774,62.787843314761346
61.348774,62.787843314761346
61.348774,62.787843314761346
61.348774,63.766023061604606
61.348774,63.766023061604606
61.348774,63.766023061604606
61.348774,63.766023061604606
61.348774,63.766023061604606
61.70436,63.766023061604606
61.947598,63.766023061604606
62.076065,63.766023061604606
62.126244,63.766023061604606
62.134663,63.766023061604606
62.12683,63.766023061604606
62.116585,63.766023061604606
62.10939,63.766023061604606
62.10605,63.766023061604606
62.105415,63.766023061604606
62.105415,63.766023061604606
62.105415,63.766023061604606
62.105415,63.766023061604606
62.105415,63.766023061604606
62.105415,63.766023061604606
62.105415,63.766023061604606
62.105415,63.766023061604606
62.105415,63.766023061604606
62.105415,63.766023061604606
62.105415,63.766023061604606
62.105415,63.766023061604606
62.105415,63.766023061604606
62.105415,63.766023061604606
62.105415,63.766023061604606
62.105415,63.766023061604606
62.105415,63.766023061604606
62.105415,63.766023061604606
62.105415,63.766023061604606
62.105415,63.766023061604606
62.105415,63.766023061604606
62.105415,63.766023061604606
62.105415,63.766023061604606
62.105415,63.766023061604606
62.105415,63.766023061604606
62.105415,63.766023061604606
62.105415,63.766023061604606
62.105415,63.766023061604606
62.105415,63.766023061604606
62.105415,63.766023061604606
62.105415,63.766023061604606
62.105415,63.766023061604606
62.105415,63.766023061604606
62.105415,63.766023061604606
62.105415,63.766023061604606
62.105415,63.766023061604606
62.105415,63.766023061604606
62.105415,63.766023061604606
62.105415,63.766023061604606
62.105415,63.766023061604606
62.105415,63.766023061604606
62.105415,63.766023061604606
62.105415,63.766023061604606
62.105415,63.766023061604606
62.105415,63.766023061604606
62.105415,63.766023061604606
62.105415,63.766023061604606
62.105415,63.766023061604606
62.105415,63.766023061604606
62.105415,64.74420280844787
62.105415,64.74420280844787
62.105415,64.74420280844787
62.105415,64.74420280844787
62.105415,64.74420280844787
62.458874,64.74420280844787
62.701027,64.74420280844787
62.828243,64.74420280844787
62.877277,64.74420280844787
62.884842,64.74420280844787
62.876488,64.74420280844787
62.865986,64.74420280844787
62.85872,64.74420280844787
62.85538,64.74420280844787
62.854755,64.74420280844787
62.854755,64.74420280844787
62.854755,64.74420280844787
62.854755,64.74420280844787
62.854755,64.74420280844787
62.854755,64.74420280844787
62.854755,64.74420280844787
62.854755,64.74420280844787
62.854755,64.74420280844787
62.854755,64.74420280844787
62.854755,64.74420280844787
62.854755,64.74420280844787
62.854755,64.74420280844787
62.854755,64.74420280844787
62.854755,64.74420280844787
62.854755,64.74420280844787
62.854755,64.74420280844787
62.854755,64.74420280844787
62.854755,64.74420280844787
62.854755,64.74420280844787
62.854755,64.74420280844787
62.854755,64.74420280844787
62.854755,64.74420280844787
62.854755,64.74420280844787
62.854755,64.74420280844787
62.854755,64.74420280844787
62.854755,64.74420280844787
62.854755,64.74420280844787
62.854755,64.74420280844787
62.854755,64.74420280844787
62.854755,64.74420280844787
62.854755,64.74420280844787
62.854755,64.74420280844787
62.854755,64.74420280844787
62.854755,64.74420280844787
62.854755,64.74420280844787
62.854755,64.74420280844787
62.854755,64.74420280844787
62.854755,64.74420280844787
62.854755,64.74420280844787
62.854755,64.74420280844787
62.854755,64.74420280844787
62.854755,64.74420280844787
62.854755,64.74420280844787
62.854755,64.74420280844787
62.854755,64.74420280844787
62.854755,64.74420280844787
62.854755,64.74420280844787
62.854755,64.74420280844787
62.854755,64.74420280844787
62.854755,62.787843314761346
62.854755,62.787843314761346
62.854755,62.787843314761346
62.854755,62.787843314761346
62.854755,62.787843314761346
62.150444,62.787843314761346
61.670338,62.787843314761346
61.416817,62.787843314761346
61.315495,62.787843314761346
61.29572,62.787843314761346
61.308678,62.787843314761346
61.32752,62.787843314761346
61.341156,62.787843314761346
61.347584,62.787843314761346
61.348774,62.787843314761346
61.348774,62.787843314761346
61.348774,62.787843314761346
61.348774,62.787843314761346
61.348774,62.787843314761346
61.348774,62.787843314761346
61.348774,62.787843314761346
61.348774,62.787843314761346
61.348774,62.787843314761346
61.348774,62.787843314761346
61.348774,62.787843314761346
61.348774,62.787843314761346
61.348774,62.787843314761346
61.348774,62.787843314761346
61.348774,62.787843314761346
61.348774,62.787843314761346
61.348774,62.787843314761346
61.348774,62.787843314761346
61.348774,62.787843314761346
61.348774,62.787843314761346
61.348774,62.787843314761346
61.348774,62.787843314761346
61.348774,62.787843314761346
61.348774,62.787843314761346
61.348774,62.787843314761346
61.348774,62.787843314761346
61.348774,62.787843314761346
61.348774,62.787843314761346
61.348774,62.787843314761346
61.348774,62.787843314761346
61.348774,62.787843314761346
61.348774,62.787843314761346
61.348774,62.787843314761346
61.348774,62.787843314761346
61.348774,62.787843314761346
61.348774,62.787843314761346
61.348774,62.787843314761346
61.348774,62.787843314761346
61.348774,62.787843314761346
61.348774,62.787843314761346
61.348774,62.787843314761346
61.348774,62.787843314761346
61.348774,62.787843314761346
61.348774,62.787843314761346
61.348774,62.787843314761346
61.348774,62.787843314761346
61.348774,62.787843314761346
61.348774,62.787843314761346
61.348774,59.85330407423156
61.348774,59.85330407423156
61.348774,59.85330407423156
61.348774,59.85330407423156
61.348774,59.85330407423156
60.280277,59.85330407423156
59.55682,59.85330407423156
59.168,59.85330407423156
59.004307,59.85330407423156
58.96362,59.85330407423156
58.974957,59.85330407423156
58.99834,59.85330407423156
59.016357,59.85330407423156
59.0249,59.85330407423156
59.025986,59.85330407423156
59.025986,59.85330407423156
59.025986,59.85330407423156
59.025986,59.85330407423156
59.025986,59.85330407423156
59.025986,59.85330407423156
59.025986,59.85330407423156
59.025986,59.85330407423156
59.025986,59.85330407423156
59.025986,59.85330407423156
59.025986,59.85330407423156
59.025986,59.85330407423156
59.025986,59.85330407423156
59.025986,59.85330407423156
59.025986,59.85330407423156
59.025986,59.85330407423156
59.025986,59.85330407423156
59.025986,59.85330407423156
59.025986,59.85330407423156
59.025986,59.85330407423156
59.025986,59.85330407423156
59.025986,59.85330407423156
59.025986,59.85330407423156
59.025986,59.85330407423156
59.025986,59.85330407423156
59.025986,59.85330407423156
59.025986,59.85330407423156
59.025986,59.85330407423156
59.025986,59.85330407423156
59.025986,59.85330407423156
59.025986,59.85330407423156
59.025986,59.85330407423156
59.025986,59.85330407423156
59.025986,59.85330407423156
59.025986,59.85330407423156
59.025986,59.85330407423156
59.025986,59.85330407423156
59.025986,59.85330407423156
59.025986,59.85330407423156
59.025986,59.85330407423156
59.025986,59.85330407423156
59.025986,59.85330407423156
59.025986,59.85330407423156
59.025986,59.85330407423156
59.025986,59.85330407423156
59.025986,60.83148382107482
59.025986,60.83148382107482
59.025986,60.83148382107482
59.025986,60.83148382107482
59.025986,60.83148382107482
59.38779,60.83148382107482
59.6351,60.83148382107482
59.768414,60.83148382107482
59.82306,60.83148382107482
59.83491,60.83148382107482
59.829334,60.83148382107482
59.82035,60.83148382107482
59.81374,60.83148382107482
59.81063,60.83148382107482
59.81014,60.83148382107482
59.81014,60.83148382107482
59.81014,60.83148382107482
59.81014,60.83148382107482
59.81014,60.83148382107482
59.81014,60.83148382107482
59.81014,60.83148382107482
59.81014,60.83148382107482
59.81014,60.83148382107482
59.81014,60.83148382107482
59.81014,60.83148382107482
59.81014,60.83148382107482
59.81014,60.83148382107482
59.81014,60.83148382107482
59.81014,60.83148382107482
59.81014,60.83148382107482
59.81014,60.83148382107482
59.81014,60.83148382107482
59.81014,60.83148382107482
59.81014,60.83148382107482
59.81014,60.83148382107482
59.81014,60.83148382107482
59.81014,60.83148382107482
59.81014,60.83148382107482
59.81014,60.83148382107482
59.81014,60.83148382107482
59.81014,60.83148382107482
59.81014,60.83148382107482
59.81014,60.83148382107482
59.81014,60.83148382107482
59.81014,60.83148382107482
59.81014,60.83148382107482
59.81014,60.83148382107482
59.81014,60.83148382107482
59.81014,60.83148382107482
59.81014,60.83148382107482
59.81014,60.83148382107482
59.81014,60.83148382107482
59.81014,60.83148382107482
59.81014,60.83148382107482
59.81014,60.83148382107482
59.81014,60.83148382107482
59.81014,60.83148382107482
59.81014,60.83148382107482
59.81014,60.83148382107482
59.81014,60.83148382107482
59.81014,43.22424837789609
59.81014,43.22424837789609
59.81014,43.22424837789609
59.81014,43.22424837789609
59.81014,43.22424837789609
53.41879,43.22424837789609
49.36086,43.22424837789609
